-- --------------------------------------------------------
-- Servidor:                     127.0.0.1
-- Versão do servidor:           10.4.11-MariaDB - mariadb.org binary distribution
-- OS do Servidor:               Win64
-- HeidiSQL Versão:              11.0.0.5919
-- --------------------------------------------------------

/*!40101 SET @OLD_CHARACTER_SET_CLIENT=@@CHARACTER_SET_CLIENT */;
/*!40101 SET NAMES utf8 */;
/*!50503 SET NAMES utf8mb4 */;
/*!40014 SET @OLD_FOREIGN_KEY_CHECKS=@@FOREIGN_KEY_CHECKS, FOREIGN_KEY_CHECKS=0 */;
/*!40101 SET @OLD_SQL_MODE=@@SQL_MODE, SQL_MODE='NO_AUTO_VALUE_ON_ZERO' */;


-- Copiando estrutura do banco de dados para questti
CREATE DATABASE IF NOT EXISTS `questti` /*!40100 DEFAULT CHARACTER SET utf8mb4 */;
USE `questti`;

-- Copiando estrutura para tabela questti.administracao
CREATE TABLE IF NOT EXISTS `administracao` (
  `nome` longtext DEFAULT NULL,
  `cnpj` longtext DEFAULT NULL,
  `id` int(11) NOT NULL AUTO_INCREMENT,
  `senha` longtext DEFAULT NULL,
  `tipo_user` int(11) DEFAULT NULL,
  `endereco` longtext DEFAULT NULL,
  `email` longtext DEFAULT NULL,
  `cep` longtext DEFAULT NULL,
  `telefone` text DEFAULT NULL,
  `celular` text DEFAULT NULL,
  `status` int(11) DEFAULT NULL,
  `termo` int(11) DEFAULT NULL,
  PRIMARY KEY (`id`)
) ENGINE=InnoDB AUTO_INCREMENT=69 DEFAULT CHARSET=utf8mb4;

-- Copiando dados para a tabela questti.administracao: ~1 rows (aproximadamente)
/*!40000 ALTER TABLE `administracao` DISABLE KEYS */;
INSERT INTO `administracao` (`nome`, `cnpj`, `id`, `senha`, `tipo_user`, `endereco`, `email`, `cep`, `telefone`, `celular`, `status`, `termo`) VALUES
	('admin', '777789', 65, '8c6976e5b5410415bde908bd4dee15dfb167a9c873fc4bb8a81f6f2ab448a918', 0, 'Rua 2', 'admin@admin.com', NULL, NULL, NULL, 1, NULL);
/*!40000 ALTER TABLE `administracao` ENABLE KEYS */;

-- Copiando estrutura para tabela questti.areaatuacao
CREATE TABLE IF NOT EXISTS `areaatuacao` (
  `id` int(11) NOT NULL AUTO_INCREMENT,
  `NomeArea` text DEFAULT NULL,
  PRIMARY KEY (`id`)
) ENGINE=InnoDB AUTO_INCREMENT=43 DEFAULT CHARSET=utf8mb4;

-- Copiando dados para a tabela questti.areaatuacao: ~10 rows (aproximadamente)
/*!40000 ALTER TABLE `areaatuacao` DISABLE KEYS */;
INSERT INTO `areaatuacao` (`id`, `NomeArea`) VALUES
	(31, 'Suporte técnico'),
	(32, 'Segurança da Informação'),
	(33, 'Programação'),
	(34, 'Qualidade de Software'),
	(35, 'Administração de Redes'),
	(36, 'Programador mobile'),
	(37, 'Administração de banco de dados'),
	(38, 'Especialista em Cloud Computings'),
	(39, 'Especialista em e-commerce'),
	(40, 'Qualidade de software'),
	(42, 'outros');
/*!40000 ALTER TABLE `areaatuacao` ENABLE KEYS */;

-- Copiando estrutura para tabela questti.chamado
CREATE TABLE IF NOT EXISTS `chamado` (
  `id_chamado` int(11) NOT NULL AUTO_INCREMENT,
  `status` int(11) DEFAULT NULL,
  `descricao` longtext DEFAULT NULL,
  `cpf_cliente` bigint(20) DEFAULT NULL,
  `cpf_tecnico` bigint(20) DEFAULT NULL,
  `categoria` longtext DEFAULT NULL,
  `assunto` longtext DEFAULT NULL,
  `arquivo` longtext DEFAULT NULL,
  `avaliacao` int(11) DEFAULT NULL,
  `data_abertura` datetime DEFAULT NULL,
  `data_fim` datetime DEFAULT NULL,
  `total` float DEFAULT NULL,
  PRIMARY KEY (`id_chamado`) USING BTREE,
  KEY `cpf_cliente` (`cpf_cliente`),
  KEY `cpf_tecnico` (`cpf_tecnico`),
  CONSTRAINT `FK_chamado_cliente_cli` FOREIGN KEY (`cpf_cliente`) REFERENCES `cliente_cli` (`cpf_cli`),
  CONSTRAINT `FK_chamado_tecnico` FOREIGN KEY (`cpf_tecnico`) REFERENCES `tecnico` (`cpf_tec`)
) ENGINE=InnoDB AUTO_INCREMENT=11 DEFAULT CHARSET=utf8mb4;

-- Copiando dados para a tabela questti.chamado: ~8 rows (aproximadamente)
/*!40000 ALTER TABLE `chamado` DISABLE KEYS */;
INSERT INTO `chamado` (`id_chamado`, `status`, `descricao`, `cpf_cliente`, `cpf_tecnico`, `categoria`, `assunto`, `arquivo`, `avaliacao`, `data_abertura`, `data_fim`, `total`) VALUES
	(1, 4, 'TESTE DE EDICAO', 10401316971, 41854184848, 'Segurança da Informação', 'teste', '', 3, '2020-11-25 15:15:20', NULL, 5),
	(2, 4, '4415', 10401316971, 41854184848, 'Qualidade de Software', 'Novo teste', '5fbea1af7529c.txt', 4, '2020-11-25 15:25:51', NULL, 30),
	(3, 4, 'teste', 10401316971, 12541545454, 'Administração de banco de dados', 'NOVO TESTE', NULL, 5, '2020-11-25 16:07:11', NULL, 20),
	(4, 4, 'dsadas', 10401316971, 12541545454, 'Programação', 'teste', '5fc3cffd77903.jpg', 4, '2020-11-29 13:44:45', NULL, 20),
	(5, 4, 'dsadsa', 10401316971, 41854184848, 'Administração de Redes', 'teste', NULL, 3, '2020-11-29 18:21:32', NULL, 30),
	(7, 5, 'sdadsa', 10401316971, 12541545454, 'Qualidade de Software', 'teste', NULL, NULL, '2020-11-30 14:49:18', NULL, NULL),
	(8, 4, '123', 10401316971, 41854184848, 'outros', 'teste', NULL, 3, '2020-12-07 17:50:23', NULL, 5),
	(9, 4, 'teste de chamado técnico', 10401316971, 41854184848, 'Suporte técnico', 'Computador', NULL, 5, '2020-12-07 19:56:00', NULL, 20),
	(10, 4, 'qualquer', 10401316971, 41854184848, 'Programação', 'Chamado', '5fcfda589ddce.png', 5, '2020-12-08 16:56:08', NULL, 20);
/*!40000 ALTER TABLE `chamado` ENABLE KEYS */;

-- Copiando estrutura para tabela questti.cliente_cli
CREATE TABLE IF NOT EXISTS `cliente_cli` (
  `id` int(11) NOT NULL AUTO_INCREMENT,
  `nome` text NOT NULL,
  `email` text NOT NULL,
  `senha` text NOT NULL,
  `cpf_cli` bigint(20) NOT NULL DEFAULT 0,
  `endereco` varchar(45) DEFAULT NULL,
  `telefone` text DEFAULT NULL,
  `cep` longtext DEFAULT NULL,
  `celular` text DEFAULT NULL,
  `tipo_user` int(11) DEFAULT NULL,
  `status` int(11) DEFAULT NULL,
  `termo` int(11) DEFAULT NULL,
  `foto` text DEFAULT NULL,
  PRIMARY KEY (`id`) USING BTREE,
  KEY `cpf_cli` (`cpf_cli`)
) ENGINE=InnoDB AUTO_INCREMENT=5 DEFAULT CHARSET=utf8mb4;

-- Copiando dados para a tabela questti.cliente_cli: ~3 rows (aproximadamente)
/*!40000 ALTER TABLE `cliente_cli` DISABLE KEYS */;
INSERT INTO `cliente_cli` (`id`, `nome`, `email`, `senha`, `cpf_cli`, `endereco`, `telefone`, `cep`, `celular`, `tipo_user`, `status`, `termo`, `foto`) VALUES
	(1, 'João Pedro  Fernandes', 'joao-pedro-f@hotmail.com', '8d969eef6ecad3c29a3a629280e686cf0c3f5d5a86aff3ca12020c923adc6c92', 10401316971, 'rua rocha', '(55)2641-8418', '41515-645', '(21)56154-5848', 1, 1, 1, NULL),
	(2, 'Rogerio', 'rogerio@yahoo.com', '8d969eef6ecad3c29a3a629280e686cf0c3f5d5a86aff3ca12020c923adc6c92', 15415454545, 'Rua 1', '(26)4184-1841', '41515-645', '(41)64654-5645', 1, 1, 1, NULL),
	(3, 'Jose da Silva', 'josedasilva@gmail.com', '8d969eef6ecad3c29a3a629280e686cf0c3f5d5a86aff3ca12020c923adc6c92', 12315415415, 'rua rocha', '(55)2641-8418', '41515-645', '(45)41544-5454', 1, 1, 1, NULL),
	(4, 'Jorge', 'jorge_mateus@hotmail.com', '8d969eef6ecad3c29a3a629280e686cf0c3f5d5a86aff3ca12020c923adc6c92', 45648948948, 'rua rocha', '(55)2641-8418', '41515-645', '(25)21541-5415', 1, 1, 1, NULL);
/*!40000 ALTER TABLE `cliente_cli` ENABLE KEYS */;

-- Copiando estrutura para tabela questti.contac
CREATE TABLE IF NOT EXISTS `contac` (
  `id` int(11) NOT NULL AUTO_INCREMENT,
  `cpf` bigint(20) DEFAULT NULL,
  `titular` mediumtext DEFAULT NULL,
  `tipo_conta` int(11) DEFAULT NULL,
  `saldo` float DEFAULT NULL,
  `credito` int(11) DEFAULT NULL COMMENT 'aqui caso  tenha liberação para gastar além do saldo disponivel',
  PRIMARY KEY (`id`)
) ENGINE=InnoDB AUTO_INCREMENT=5 DEFAULT CHARSET=utf8mb4;

-- Copiando dados para a tabela questti.contac: ~4 rows (aproximadamente)
/*!40000 ALTER TABLE `contac` DISABLE KEYS */;
INSERT INTO `contac` (`id`, `cpf`, `titular`, `tipo_conta`, `saldo`, `credito`) VALUES
	(1, 10401316971, 'joao-pedro-f@hotmail.com', 1, 160, 0),
	(2, 12541545454, 'runapablo@gmail.com', 2, 200, 0),
	(3, 15415454545, 'rogerio@yahoo.com', 1, 200, 0),
	(4, 41854184848, 'paulo@gmail.com', 2, 240, 0);
/*!40000 ALTER TABLE `contac` ENABLE KEYS */;

-- Copiando estrutura para tabela questti.logs
CREATE TABLE IF NOT EXISTS `logs` (
  `id` int(11) NOT NULL AUTO_INCREMENT,
  `id_tb` int(11) DEFAULT NULL,
  `NomeEntidade` text DEFAULT NULL,
  `TipoMov` int(11) DEFAULT NULL,
  `data_mod` datetime DEFAULT NULL,
  `responsavel` mediumtext DEFAULT NULL,
  `para` mediumtext DEFAULT NULL,
  `quantidade` float DEFAULT NULL,
  PRIMARY KEY (`id`),
  KEY `FK_logs_movimentacao` (`TipoMov`),
  CONSTRAINT `FK_logs_movimentacao` FOREIGN KEY (`TipoMov`) REFERENCES `movimentacao` (`id`)
) ENGINE=InnoDB AUTO_INCREMENT=545 DEFAULT CHARSET=utf8mb4 COMMENT='Aqui é onde fica salvo todas ações executadas dentro do sistema';

-- Copiando dados para a tabela questti.logs: ~458 rows (aproximadamente)
/*!40000 ALTER TABLE `logs` DISABLE KEYS */;
INSERT INTO `logs` (`id`, `id_tb`, `NomeEntidade`, `TipoMov`, `data_mod`, `responsavel`, `para`, `quantidade`) VALUES
	(1, NULL, 'cliente_cli', 5, '2020-11-25 15:06:00', 'joao-pedro-f@hotmail.com', NULL, NULL),
	(2, NULL, 'cliente_cli', 6, '2020-11-25 15:06:00', 'joao-pedro-f@hotmail.com', NULL, NULL),
	(3, NULL, 'adminsitracao', 5, '2020-11-25 15:07:00', 'joao-pedro-f@hotmail.com', NULL, NULL),
	(4, NULL, 'adminsitracao', 5, '2020-11-25 15:07:00', 'joao-pedro-f@hotmail.com', NULL, NULL),
	(5, NULL, 'cliente_cli', 4, '2020-11-25 15:07:00', 'joao-pedro-f@hotmail.com', NULL, NULL),
	(6, NULL, 'cliente_cli', 5, '2020-11-25 15:08:00', 'joao-pedro-f@hotmail.com', NULL, NULL),
	(7, NULL, 'tecnico', 6, '2020-11-25 15:09:00', 'paulo@gmail.com', NULL, NULL),
	(8, NULL, 'adminsitracao', 4, '2020-11-25 15:09:00', 'admin@admin.com', NULL, NULL),
	(9, 1, 'tecnico', 16, '2020-11-25 15:10:00', 'admin@admin.com', NULL, NULL),
	(10, NULL, 'adminsitracao', 5, '2020-11-25 15:11:00', 'admin@admin.com', NULL, NULL),
	(11, NULL, 'cliente_cli', 4, '2020-11-25 15:11:00', 'joao-pedro-f@hotmail.com', NULL, NULL),
	(12, NULL, 'cliente_cli', 5, '2020-11-25 15:12:00', 'joao-pedro-f@hotmail.com', NULL, NULL),
	(13, NULL, 'tecnico', 6, '2020-11-25 15:12:00', 'runapablo@gmail.com', NULL, NULL),
	(14, NULL, 'adminsitracao', 4, '2020-11-25 15:13:00', 'admin@admin.com', NULL, NULL),
	(15, 2, 'tecnico', 10, '2020-11-25 15:13:00', 'admin@admin.com', NULL, NULL),
	(16, NULL, 'adminsitracao', 5, '2020-11-25 15:13:00', 'admin@admin.com', NULL, NULL),
	(17, NULL, 'cliente_cli', 4, '2020-11-25 15:13:00', 'joao-pedro-f@hotmail.com', NULL, NULL),
	(18, NULL, 'chamado', 6, '2020-11-25 15:15:00', 'joao-pedro-f@hotmail.com', 'paulo@gmail.com', NULL),
	(19, NULL, 'tecnico', 4, '2020-11-25 15:16:00', 'paulo@gmail.com', NULL, NULL),
	(20, 1, 'chamado', 9, '2020-11-25 15:16:00', 'paulo@gmail.com', NULL, 0),
	(21, 1, 'chamado', 10, '2020-11-25 15:16:00', 'paulo@gmail.com', NULL, 0),
	(23, 1, 'chamado', 11, '2020-11-25 15:16:00', 'joao-pedro-f@hotmail.com', NULL, 0),
	(24, 1, 'chamado', 3, '2020-11-25 15:17:00', 'joao-pedro-f@hotmail.com', NULL, 20),
	(26, 1, 'chamado', 11, '2020-11-25 15:16:00', 'joao-pedro-f@hotmail.com', 'paulo@gmail.com', 5),
	(28, 1, 'chamado', 11, '2020-11-25 15:16:00', 'joao-pedro-f@hotmail.com', 'paulo@gmail.com', 5),
	(29, 1, 'chamado', 11, '2020-11-25 15:16:00', 'joao-pedro-f@hotmail.com', 'paulo@gmail.com', 5),
	(30, 1, 'chamado', 11, '2020-11-25 15:16:00', 'joao-pedro-f@hotmail.com', 'paulo@gmail.com', 5),
	(31, NULL, 'chamado', 6, '2020-11-25 15:25:00', 'joao-pedro-f@hotmail.com', 'paulo@gmail.com', NULL),
	(32, 2, 'chamado', 9, '2020-11-25 15:26:00', 'paulo@gmail.com', NULL, 0),
	(33, 2, 'chamado', 10, '2020-11-25 15:26:00', 'paulo@gmail.com', NULL, 0),
	(34, 2, 'chamado', 11, '2020-11-25 15:26:00', 'joao-pedro-f@hotmail.com', 'paulo@gmail.com', 4),
	(35, 2, 'chamado', 11, '2020-11-25 15:26:00', 'joao-pedro-f@hotmail.com', NULL, 0),
	(37, NULL, 'chamado', 6, '2020-11-25 16:07:00', 'joao-pedro-f@hotmail.com', 'runapablo@gmail.com', NULL),
	(38, NULL, 'tecnico', 5, '2020-11-25 16:07:00', 'paulo@gmail.com', NULL, NULL),
	(39, NULL, 'tecnico', 4, '2020-11-25 16:07:00', 'runapablo@gmail.com', NULL, NULL),
	(40, 3, 'chamado', 9, '2020-11-25 16:07:00', 'runapablo@gmail.com', NULL, 0),
	(41, 3, 'chamado', 10, '2020-11-25 16:07:00', 'runapablo@gmail.com', NULL, 0),
	(42, 3, 'chamado', 11, '2020-11-25 16:08:00', 'joao-pedro-f@hotmail.com', 'runapablo@gmail.com', 5),
	(43, 3, 'chamado', 11, '2020-11-25 16:08:00', 'joao-pedro-f@hotmail.com', NULL, 0),
	(45, 3, 'chamado', 11, '2020-11-25 16:32:00', 'joao-pedro-f@hotmail.com', 'runapablo@gmail.com', 2),
	(46, 3, 'chamado', 11, '2020-11-25 16:32:00', 'joao-pedro-f@hotmail.com', 'runapablo@gmail.com', 4),
	(47, 3, 'chamado', 14, '2020-11-25 16:54:00', 'joao-pedro-f@hotmail.com', NULL, 11),
	(48, NULL, 'cliente_cli', 5, '2020-11-25 16:54:00', 'joao-pedro-f@hotmail.com', NULL, NULL),
	(49, NULL, 'adminsitracao', 4, '2020-11-25 16:54:00', 'admin@admin.com', NULL, NULL),
	(50, NULL, 'adminsitracao', 5, '2020-11-25 17:09:00', 'admin@admin.com', NULL, NULL),
	(51, NULL, 'cliente_cli', 4, '2020-11-25 17:09:00', 'joao-pedro-f@hotmail.com', NULL, NULL),
	(53, NULL, 'cliente_cli', 5, '2020-11-25 17:10:00', 'joao-pedro-f@hotmail.com', NULL, NULL),
	(54, NULL, 'adminsitracao', 4, '2020-11-25 17:10:00', 'admin@admin.com', NULL, NULL),
	(55, NULL, 'adminsitracao', 5, '2020-11-25 17:11:00', 'admin@admin.com', NULL, NULL),
	(56, NULL, 'cliente_cli', 4, '2020-11-25 17:11:00', 'joao-pedro-f@hotmail.com', NULL, NULL),
	(57, 3, 'chamado', 13, '2020-11-25 17:12:00', 'joao-pedro-f@hotmail.com', 'runapablo@gmail.com', 5),
	(58, 3, 'chamado', 11, '2020-11-25 17:12:00', 'joao-pedro-f@hotmail.com', 'runapablo@gmail.com', 16),
	(61, 3, 'chamado', 13, '2020-11-25 17:22:00', 'joao-pedro-f@hotmail.com', NULL, 20),
	(63, NULL, 'cliente_cli', 4, '2020-11-28 16:32:00', 'joao-pedro-f@hotmail.com', NULL, NULL),
	(64, NULL, 'cliente_cli', 5, '2020-11-28 16:46:00', 'joao-pedro-f@hotmail.com', NULL, NULL),
	(65, NULL, 'cliente_cli', 4, '2020-11-28 16:46:00', 'joao-pedro-f@hotmail.com', NULL, NULL),
	(66, 1, 'cliente_cli', 7, '2020-11-28 16:47:00', 'joao-pedro-f@hotmail.com', NULL, NULL),
	(67, NULL, 'cliente_cli', 5, '2020-11-28 16:49:00', 'joao-pedro-f@hotmail.com', NULL, NULL),
	(68, NULL, 'adminsitracao', 4, '2020-11-28 16:49:00', 'admin@admin.com', NULL, NULL),
	(69, NULL, 'adminsitracao', 5, '2020-11-28 16:49:00', 'admin@admin.com', NULL, NULL),
	(70, NULL, 'adminsitracao', 4, '2020-11-28 16:50:00', 'admin@admin.com', NULL, NULL),
	(71, NULL, 'adminsitracao', 5, '2020-11-28 16:51:00', 'admin@admin.com', NULL, NULL),
	(72, NULL, 'cliente_cli', 4, '2020-11-28 16:51:00', 'joao-pedro-f@hotmail.com', NULL, NULL),
	(73, 1, 'cliente_cli', 7, '2020-11-28 16:51:00', 'joao-pedro-f@hotmail.com', NULL, NULL),
	(74, NULL, 'cliente_cli', 4, '2020-11-29 11:44:00', 'joao-pedro-f@hotmail.com', NULL, NULL),
	(75, NULL, 'cliente_cli', 4, '2020-11-29 11:45:00', 'joao-pedro-f@hotmail.com', NULL, NULL),
	(76, NULL, 'cliente_cli', 4, '2020-11-29 11:45:00', 'joao-pedro-f@hotmail.com', NULL, NULL),
	(77, NULL, 'cliente_cli', 5, '2020-11-29 11:48:00', 'joao-pedro-f@hotmail.com', NULL, NULL),
	(78, NULL, 'cliente_cli', 4, '2020-11-29 11:48:00', 'joao-pedro-f@hotmail.com', NULL, NULL),
	(79, NULL, 'cliente_cli', 4, '2020-11-29 11:48:00', 'joao-pedro-f@hotmail.com', NULL, NULL),
	(80, NULL, 'cliente_cli', 14, '2020-11-29 11:49:00', 'joao-pedro-f@hotmail.com', NULL, NULL),
	(81, NULL, 'adminsitracao', 4, '2020-11-29 11:49:00', 'admin@admin.com', NULL, NULL),
	(82, 1, 'tecnico', 15, '2020-11-29 11:49:00', 'admin@admin.com', NULL, NULL),
	(83, NULL, 'adminsitracao', 5, '2020-11-29 11:54:00', 'admin@admin.com', NULL, NULL),
	(84, NULL, 'cliente_cli', 4, '2020-11-29 11:54:00', 'joao-pedro-f@hotmail.com', NULL, NULL),
	(85, NULL, 'cliente_cli', 4, '2020-11-29 11:54:00', 'joao-pedro-f@hotmail.com', NULL, NULL),
	(86, NULL, 'cliente_cli', 4, '2020-11-29 11:55:00', 'joao-pedro-f@hotmail.com', NULL, NULL),
	(87, NULL, 'cliente_cli', 4, '2020-11-29 11:55:00', 'joao-pedro-f@hotmail.com', NULL, NULL),
	(88, NULL, 'cliente_cli', 4, '2020-11-29 11:55:00', 'joao-pedro-f@hotmail.com', NULL, NULL),
	(89, NULL, 'cliente_cli', 4, '2020-11-29 11:55:00', 'joao-pedro-f@hotmail.com', NULL, NULL),
	(90, NULL, 'cliente_cli', 4, '2020-11-29 11:56:00', 'joao-pedro-f@hotmail.com', NULL, NULL),
	(91, NULL, 'cliente_cli', 4, '2020-11-29 11:56:00', 'joao-pedro-f@hotmail.com', NULL, NULL),
	(92, NULL, 'cliente_cli', 4, '2020-11-29 11:56:00', 'joao-pedro-f@hotmail.com', NULL, NULL),
	(93, NULL, 'cliente_cli', 4, '2020-11-29 11:57:00', 'joao-pedro-f@hotmail.com', NULL, NULL),
	(94, NULL, 'cliente_cli', 4, '2020-11-29 11:58:00', 'joao-pedro-f@hotmail.com', NULL, NULL),
	(95, NULL, 'cliente_cli', 4, '2020-11-29 11:59:00', 'joao-pedro-f@hotmail.com', NULL, NULL),
	(96, NULL, 'cliente_cli', 5, '2020-11-29 12:04:00', 'joao-pedro-f@hotmail.com', NULL, NULL),
	(97, NULL, 'adminsitracao', 4, '2020-11-29 12:04:00', 'admin@admin.com', NULL, NULL),
	(98, NULL, 'adminsitracao', 4, '2020-11-29 12:04:00', 'admin@admin.com', NULL, NULL),
	(99, NULL, 'adminsitracao', 4, '2020-11-29 12:10:00', 'admin@admin.com', NULL, NULL),
	(100, 65, 'adminsitracao', 7, '2020-11-29 12:18:00', 'admin@admin.com', NULL, NULL),
	(101, 65, 'adminsitracao', 7, '2020-11-29 12:19:00', 'admin@admin.com', NULL, NULL),
	(102, 65, 'adminsitracao', 7, '2020-11-29 12:19:00', 'admin@admin.com', NULL, NULL),
	(103, 65, 'adminsitracao', 7, '2020-11-29 12:19:00', 'admin@admin.com', NULL, NULL),
	(104, 65, 'adminsitracao', 7, '2020-11-29 12:19:00', 'admin@admin.com', NULL, NULL),
	(105, NULL, 'adminsitracao', 5, '2020-11-29 12:19:00', 'admin@admin.com', NULL, NULL),
	(106, NULL, 'cliente_cli', 4, '2020-11-29 12:20:00', 'joao-pedro-f@hotmail.com', NULL, NULL),
	(107, NULL, 'cliente_cli', 5, '2020-11-29 12:22:00', 'joao-pedro-f@hotmail.com', NULL, NULL),
	(108, NULL, 'adminsitracao', 4, '2020-11-29 12:22:00', 'admin@admin.com', NULL, NULL),
	(109, 1, 'tecnico', 16, '2020-11-29 12:25:00', 'admin@admin.com', NULL, NULL),
	(110, 1, 'tecnico', 15, '2020-11-29 12:26:00', 'admin@admin.com', NULL, NULL),
	(111, NULL, 'adminsitracao', 5, '2020-11-29 12:27:00', 'admin@admin.com', NULL, NULL),
	(112, NULL, 'cliente_cli', 4, '2020-11-29 12:28:00', 'joao-pedro-f@hotmail.com', NULL, NULL),
	(113, NULL, 'cliente_cli', 5, '2020-11-29 12:29:00', 'joao-pedro-f@hotmail.com', NULL, NULL),
	(114, NULL, 'adminsitracao', 4, '2020-11-29 12:29:00', 'admin@admin.com', NULL, NULL),
	(115, NULL, 'adminsitracao', 5, '2020-11-29 12:30:00', 'admin@admin.com', NULL, NULL),
	(116, NULL, 'cliente_cli', 4, '2020-11-29 12:30:00', 'joao-pedro-f@hotmail.com', NULL, NULL),
	(117, NULL, 'cliente_cli', 5, '2020-11-29 12:30:00', 'joao-pedro-f@hotmail.com', NULL, NULL),
	(118, NULL, 'adminsitracao', 4, '2020-11-29 12:30:00', 'admin@admin.com', NULL, NULL),
	(119, 1, 'tecnico', 16, '2020-11-29 12:31:00', 'admin@admin.com', NULL, NULL),
	(120, NULL, 'adminsitracao', 5, '2020-11-29 12:32:00', 'admin@admin.com', NULL, NULL),
	(121, NULL, 'cliente_cli', 4, '2020-11-29 12:32:00', 'joao-pedro-f@hotmail.com', NULL, NULL),
	(122, 1, 'cliente_cli', 7, '2020-11-29 12:33:00', 'joao-pedro-f@hotmail.com', NULL, NULL),
	(123, NULL, 'cliente_cli', 4, '2020-11-29 12:35:00', 'joao-pedro-f@hotmail.com', NULL, NULL),
	(124, NULL, 'cliente_cli', 5, '2020-11-29 12:37:00', 'joao-pedro-f@hotmail.com', NULL, NULL),
	(125, NULL, 'adminsitracao', 4, '2020-11-29 12:37:00', 'admin@admin.com', NULL, NULL),
	(126, NULL, 'adminsitracao', 5, '2020-11-29 12:39:00', 'admin@admin.com', NULL, NULL),
	(127, NULL, 'cliente_cli', 4, '2020-11-29 12:39:00', 'joao-pedro-f@hotmail.com', NULL, NULL),
	(128, NULL, 'cliente_cli', 5, '2020-11-29 13:12:00', 'joao-pedro-f@hotmail.com', NULL, NULL),
	(129, NULL, 'adminsitracao', 5, '2020-11-29 13:12:00', 'joao-pedro-f@hotmail.com', NULL, NULL),
	(130, NULL, 'cliente_cli', 4, '2020-11-29 13:12:00', 'joao-pedro-f@hotmail.com', NULL, NULL),
	(131, NULL, 'cliente_cli', 5, '2020-11-29 13:12:00', 'joao-pedro-f@hotmail.com', NULL, NULL),
	(132, NULL, 'cliente_cli', 4, '2020-11-29 13:23:00', 'joao-pedro-f@hotmail.com', NULL, NULL),
	(133, NULL, 'cliente_cli', 5, '2020-11-29 13:44:00', 'joao-pedro-f@hotmail.com', NULL, NULL),
	(134, NULL, 'adminsitracao', 5, '2020-11-29 13:44:00', 'joao-pedro-f@hotmail.com', NULL, NULL),
	(135, NULL, 'adminsitracao', 5, '2020-11-29 13:44:00', 'joao-pedro-f@hotmail.com', NULL, NULL),
	(136, NULL, 'cliente_cli', 4, '2020-11-29 13:44:00', 'joao-pedro-f@hotmail.com', NULL, NULL),
	(137, NULL, 'chamado', 6, '2020-11-29 13:44:00', 'joao-pedro-f@hotmail.com', 'runapablo@gmail.com', NULL),
	(138, NULL, 'tecnico', 4, '2020-11-29 13:45:00', 'runapablo@gmail.com', NULL, NULL),
	(139, 4, 'chamado', 9, '2020-11-29 13:46:00', 'runapablo@gmail.com', NULL, 0),
	(140, 4, 'chamado', 10, '2020-11-29 13:46:00', 'runapablo@gmail.com', NULL, 0),
	(141, 4, 'chamado', 11, '2020-11-29 13:46:00', 'joao-pedro-f@hotmail.com', 'runapablo@gmail.com', 4),
	(142, 4, 'chamado', 11, '2020-11-29 13:46:00', 'joao-pedro-f@hotmail.com', 'runapablo@gmail.com', 36),
	(143, NULL, 'cliente_cli', 5, '2020-11-29 13:47:00', 'joao-pedro-f@hotmail.com', NULL, NULL),
	(144, NULL, 'cliente_cli', 4, '2020-11-29 13:47:00', 'joao-pedro-f@hotmail.com', NULL, NULL),
	(145, NULL, 'cliente_cli', 4, '2020-11-29 13:48:00', 'joao-pedro-f@hotmail.com', NULL, NULL),
	(146, 3, 'chamado', 12, '2020-11-29 13:48:00', 'joao-pedro-f@hotmail.com', 'runapablo@gmail.com', 20),
	(147, 4, 'chamado', 12, '2020-11-29 13:50:00', 'joao-pedro-f@hotmail.com', 'runapablo@gmail.com', 20),
	(148, 3, 'chamado', 12, '2020-11-29 13:50:00', 'joao-pedro-f@hotmail.com', 'runapablo@gmail.com', 20),
	(149, NULL, 'cliente_cli', 5, '2020-11-29 13:51:00', 'joao-pedro-f@hotmail.com', NULL, NULL),
	(150, NULL, 'adminsitracao', 5, '2020-11-29 13:51:00', 'joao-pedro-f@hotmail.com', NULL, NULL),
	(151, NULL, 'cliente_cli', 4, '2020-11-29 13:51:00', 'joao-pedro-f@hotmail.com', NULL, NULL),
	(152, NULL, 'cliente_cli', 5, '2020-11-29 14:04:00', 'joao-pedro-f@hotmail.com', NULL, NULL),
	(153, NULL, 'cliente_cli', 4, '2020-11-29 14:05:00', 'joao-pedro-f@hotmail.com', NULL, NULL),
	(154, NULL, 'cliente_cli', 5, '2020-11-29 14:07:00', 'joao-pedro-f@hotmail.com', NULL, NULL),
	(155, NULL, 'cliente_cli', 6, '2020-11-29 17:56:00', 'rogerio@yahoo.com', NULL, NULL),
	(156, NULL, 'cliente_cli', 4, '2020-11-29 17:56:00', 'rogerio@yahoo.com', NULL, NULL),
	(157, NULL, 'cliente_cli', 5, '2020-11-29 17:56:00', 'rogerio@yahoo.com', NULL, NULL),
	(158, NULL, 'cliente_cli', 4, '2020-11-29 17:57:00', 'rogerio@yahoo.com', NULL, NULL),
	(159, NULL, 'cliente_cli', 5, '2020-11-29 17:57:00', 'rogerio@yahoo.com', NULL, NULL),
	(160, NULL, 'tecnico', 6, '2020-11-29 17:59:00', 'flavioduarte@gmail.com', NULL, NULL),
	(161, NULL, 'adminsitracao', 4, '2020-11-29 17:59:00', 'admin@admin.com', NULL, NULL),
	(162, NULL, 'adminsitracao', 5, '2020-11-29 17:59:00', 'admin@admin.com', NULL, NULL),
	(163, NULL, 'adminsitracao', 4, '2020-11-29 18:00:00', 'admin@admin.com', NULL, NULL),
	(164, NULL, 'adminsitracao', 5, '2020-11-29 18:00:00', 'admin@admin.com', NULL, NULL),
	(165, NULL, 'adminsitracao', 4, '2020-11-29 18:00:00', 'admin@admin.com', NULL, NULL),
	(166, 6, 'tecnico', 16, '2020-11-29 18:00:00', 'admin@admin.com', NULL, NULL),
	(167, NULL, 'adminsitracao', 5, '2020-11-29 18:00:00', 'admin@admin.com', NULL, NULL),
	(168, NULL, 'adminsitracao', 4, '2020-11-29 18:00:00', 'admin@admin.com', NULL, NULL),
	(169, 6, 'tecnico', 15, '2020-11-29 18:00:00', 'admin@admin.com', NULL, NULL),
	(170, NULL, 'adminsitracao', 5, '2020-11-29 18:00:00', 'admin@admin.com', NULL, NULL),
	(171, NULL, 'adminsitracao', 4, '2020-11-29 18:01:00', 'admin@admin.com', NULL, NULL),
	(172, 6, 'tecnico', 16, '2020-11-29 18:01:00', 'admin@admin.com', NULL, NULL),
	(173, NULL, 'adminsitracao', 5, '2020-11-29 18:01:00', 'admin@admin.com', NULL, NULL),
	(174, NULL, 'tecnico', 4, '2020-11-29 18:01:00', 'flavioduarte@gmail.com', NULL, NULL),
	(175, NULL, 'tecnico', 5, '2020-11-29 18:03:00', 'flavioduarte@gmail.com', NULL, NULL),
	(176, NULL, 'cliente_cli', 4, '2020-11-29 18:03:00', 'joao-pedro-f@hotmail.com', NULL, NULL),
	(177, NULL, 'cliente_cli', 5, '2020-11-29 18:03:00', 'joao-pedro-f@hotmail.com', NULL, NULL),
	(178, NULL, 'tecnico', 4, '2020-11-29 18:04:00', 'flavioduarte@gmail.com', NULL, NULL),
	(179, NULL, 'tecnico', 5, '2020-11-29 18:08:00', 'flavioduarte@gmail.com', NULL, NULL),
	(180, NULL, 'tecnico', 4, '2020-11-29 18:08:00', 'flavioduarte@gmail.com', NULL, NULL),
	(181, NULL, 'tecnico', 5, '2020-11-29 18:08:00', 'flavioduarte@gmail.com', NULL, NULL),
	(182, NULL, 'cliente_cli', 4, '2020-11-29 18:09:00', 'joao-pedro-f@hotmail.com', NULL, NULL),
	(183, NULL, 'cliente_cli', 5, '2020-11-29 18:09:00', 'joao-pedro-f@hotmail.com', NULL, NULL),
	(184, NULL, 'cliente_cli', 4, '2020-11-29 18:09:00', 'rogerio@yahoo.com', NULL, NULL),
	(185, NULL, 'cliente_cli', 5, '2020-11-29 18:09:00', 'rogerio@yahoo.com', NULL, NULL),
	(186, NULL, 'cliente_cli', 4, '2020-11-29 18:09:00', 'joao-pedro-f@hotmail.com', NULL, NULL),
	(187, NULL, 'cliente_cli', 5, '2020-11-29 18:11:00', 'joao-pedro-f@hotmail.com', NULL, NULL),
	(188, NULL, 'cliente_cli', 4, '2020-11-29 18:11:00', 'joao-pedro-f@hotmail.com', NULL, NULL),
	(189, NULL, 'cliente_cli', 5, '2020-11-29 18:16:00', 'joao-pedro-f@hotmail.com', NULL, NULL),
	(190, NULL, 'tecnico', 4, '2020-11-29 18:16:00', 'paulo@gmail.com', NULL, NULL),
	(191, NULL, 'tecnico', 5, '2020-11-29 18:17:00', 'paulo@gmail.com', NULL, NULL),
	(192, NULL, 'cliente_cli', 4, '2020-11-29 18:17:00', 'joao-pedro-f@hotmail.com', NULL, NULL),
	(193, 1, 'chamado', 12, '2020-11-29 18:17:00', 'joao-pedro-f@hotmail.com', 'paulo@gmail.com', 20),
	(194, 1, 'chamado', 11, '2020-11-29 18:17:00', 'joao-pedro-f@hotmail.com', 'paulo@gmail.com', 3),
	(195, 1, 'chamado', 11, '2020-11-29 18:17:00', 'joao-pedro-f@hotmail.com', 'paulo@gmail.com', 27),
	(196, 1, 'chamado', 9, '2020-11-29 18:18:00', 'joao-pedro-f@hotmail.com', NULL, NULL),
	(197, NULL, 'cliente_cli', 5, '2020-11-29 18:18:00', 'joao-pedro-f@hotmail.com', NULL, NULL),
	(198, NULL, 'adminsitracao', 4, '2020-11-29 18:19:00', 'admin@admin.com', NULL, NULL),
	(199, 1, 'tecnico', 15, '2020-11-29 18:20:00', 'admin@admin.com', NULL, NULL),
	(200, 1, 'tecnico', 16, '2020-11-29 18:20:00', 'admin@admin.com', NULL, NULL),
	(201, NULL, 'adminsitracao', 5, '2020-11-29 18:21:00', 'admin@admin.com', NULL, NULL),
	(202, NULL, 'cliente_cli', 4, '2020-11-29 18:21:00', 'joao-pedro-f@hotmail.com', NULL, NULL),
	(203, NULL, 'chamado', 6, '2020-11-29 18:21:00', 'joao-pedro-f@hotmail.com', 'paulo@gmail.com', NULL),
	(204, NULL, 'cliente_cli', 5, '2020-11-29 18:21:00', 'joao-pedro-f@hotmail.com', NULL, NULL),
	(205, NULL, 'adminsitracao', 4, '2020-11-29 18:22:00', 'admin@admin.com', NULL, NULL),
	(206, NULL, 'adminsitracao', 5, '2020-11-29 18:22:00', 'admin@admin.com', NULL, NULL),
	(207, NULL, 'tecnico', 4, '2020-11-29 18:22:00', 'paulo@gmail.com', NULL, NULL),
	(208, 5, 'chamado', 9, '2020-11-29 18:22:00', 'paulo@gmail.com', NULL, 0),
	(209, 5, 'chamado', 10, '2020-11-29 18:22:00', 'paulo@gmail.com', NULL, 0),
	(210, NULL, 'tecnico', 5, '2020-11-29 18:23:00', 'paulo@gmail.com', NULL, NULL),
	(211, NULL, 'adminsitracao', 4, '2020-11-29 18:23:00', 'admin@admin.com', NULL, NULL),
	(212, NULL, 'adminsitracao', 5, '2020-11-29 18:24:00', 'admin@admin.com', NULL, NULL),
	(213, NULL, 'cliente_cli', 4, '2020-11-29 18:24:00', 'joao-pedro-f@hotmail.com', NULL, NULL),
	(214, 5, 'chamado', 11, '2020-11-29 18:24:00', 'joao-pedro-f@hotmail.com', 'paulo@gmail.com', 3),
	(215, 5, 'chamado', 11, '2020-11-29 18:24:00', 'joao-pedro-f@hotmail.com', 'paulo@gmail.com', 57),
	(216, 5, 'chamado', 12, '2020-11-29 18:24:00', 'joao-pedro-f@hotmail.com', 'paulo@gmail.com', 30),
	(217, NULL, 'cliente_cli', 5, '2020-11-29 18:24:00', 'joao-pedro-f@hotmail.com', NULL, NULL),
	(218, NULL, 'adminsitracao', 4, '2020-11-29 18:24:00', 'admin@admin.com', NULL, NULL),
	(219, NULL, 'adminsitracao', 5, '2020-11-29 18:25:00', 'admin@admin.com', NULL, NULL),
	(220, NULL, 'adminsitracao', 4, '2020-11-29 18:25:00', 'admin@admin.com', NULL, NULL),
	(221, NULL, 'adminsitracao', 5, '2020-11-29 18:25:00', 'admin@admin.com', NULL, NULL),
	(222, NULL, 'adminsitracao', 4, '2020-11-29 18:25:00', 'admin@admin.com', NULL, NULL),
	(223, NULL, 'adminsitracao', 5, '2020-11-29 18:26:00', 'admin@admin.com', NULL, NULL),
	(224, NULL, 'tecnico', 4, '2020-11-29 18:26:00', 'paulo@gmail.com', NULL, NULL),
	(225, NULL, 'tecnico', 5, '2020-11-29 18:26:00', 'paulo@gmail.com', NULL, NULL),
	(226, NULL, 'tecnico', 4, '2020-11-29 18:26:00', 'paulo@gmail.com', NULL, NULL),
	(227, NULL, 'tecnico', 5, '2020-11-29 18:26:00', 'paulo@gmail.com', NULL, NULL),
	(228, NULL, 'cliente_cli', 4, '2020-11-29 22:07:00', 'joao-pedro-f@hotmail.com', NULL, NULL),
	(229, NULL, 'cliente_cli', 4, '2020-11-29 22:08:00', 'joao-pedro-f@hotmail.com', NULL, NULL),
	(230, 1, 'chamado', 12, '2020-11-29 22:11:00', 'joao-pedro-f@hotmail.com', 'paulo@gmail.com', 20),
	(231, 1, 'chamado', 11, '2020-11-29 22:11:00', 'joao-pedro-f@hotmail.com', 'paulo@gmail.com', 5),
	(232, 1, 'chamado', 11, '2020-11-29 22:11:00', 'joao-pedro-f@hotmail.com', 'paulo@gmail.com', 119),
	(233, 1, 'chamado', 12, '2020-11-29 22:11:00', 'joao-pedro-f@hotmail.com', 'paulo@gmail.com', 20),
	(234, NULL, 'cliente_cli', 5, '2020-11-29 22:23:00', 'joao-pedro-f@hotmail.com', NULL, NULL),
	(235, NULL, 'cliente_cli', 4, '2020-11-29 22:23:00', 'rogerio@yahoo.com', NULL, NULL),
	(236, NULL, 'cliente_cli', 5, '2020-11-29 22:25:00', 'rogerio@yahoo.com', NULL, NULL),
	(237, NULL, 'adminsitracao', 4, '2020-11-29 22:25:00', 'admin@admin.com', NULL, NULL),
	(238, NULL, 'adminsitracao', 4, '2020-11-29 22:27:00', 'admin@admin.com', NULL, NULL),
	(239, NULL, 'adminsitracao', 4, '2020-11-29 22:28:00', 'admin@admin.com', NULL, NULL),
	(240, NULL, 'adminsitracao', 4, '2020-11-29 22:29:00', 'admin@admin.com', NULL, NULL),
	(241, NULL, 'adminsitracao', 4, '2020-11-29 22:30:00', 'admin@admin.com', NULL, NULL),
	(242, NULL, 'adminsitracao', 4, '2020-11-29 22:30:00', 'admin@admin.com', NULL, NULL),
	(243, NULL, 'adminsitracao', 4, '2020-11-29 22:31:00', 'admin@admin.com', NULL, NULL),
	(244, NULL, 'adminsitracao', 4, '2020-11-29 22:31:00', 'admin@admin.com', NULL, NULL),
	(245, NULL, 'tecnico', 1, '2020-11-29 22:32:00', 'admin@admin.com', NULL, NULL),
	(246, 65, 'adminsitracao', 7, '2020-11-29 22:32:00', 'admin@admin.com', NULL, NULL),
	(247, 65, 'adminsitracao', 7, '2020-11-29 22:32:00', 'admin@admin.com', NULL, NULL),
	(248, NULL, 'adminsitracao', 5, '2020-11-29 22:33:00', 'admin@admin.com', NULL, NULL),
	(249, NULL, 'cliente_cli', 4, '2020-11-29 22:33:00', 'joao-pedro-f@hotmail.com', NULL, NULL),
	(250, NULL, 'cliente_cli', 5, '2020-11-29 22:33:00', 'joao-pedro-f@hotmail.com', NULL, NULL),
	(251, NULL, 'adminsitracao', 4, '2020-11-29 22:33:00', 'admin@admin.com', NULL, NULL),
	(252, 65, 'adminsitracao', 7, '2020-11-29 22:34:00', 'admin@admin.com', NULL, NULL),
	(253, 65, 'adminsitracao', 7, '2020-11-29 22:34:00', 'admin@admin.com', NULL, NULL),
	(254, 65, 'adminsitracao', 7, '2020-11-29 22:35:00', 'admin@admin.com', NULL, NULL),
	(255, 65, 'adminsitracao', 7, '2020-11-29 22:35:00', 'admin@admin.com', NULL, NULL),
	(256, 65, 'adminsitracao', 7, '2020-11-29 22:37:00', 'admin@admin.com', NULL, NULL),
	(257, 65, 'adminsitracao', 7, '2020-11-29 22:38:00', 'admin@admin.com', NULL, NULL),
	(258, NULL, 'adminsitracao', 5, '2020-11-29 22:39:00', 'admin@admin.com', NULL, NULL),
	(259, NULL, 'cliente_cli', 4, '2020-11-29 22:39:00', 'joao-pedro-f@hotmail.com', NULL, NULL),
	(260, NULL, 'cliente_cli', 5, '2020-11-29 22:40:00', 'joao-pedro-f@hotmail.com', NULL, NULL),
	(261, NULL, 'adminsitracao', 4, '2020-11-29 22:40:00', 'admin@admin.com', NULL, NULL),
	(262, 65, 'adminsitracao', 7, '2020-11-29 22:40:00', 'admin@admin.com', NULL, NULL),
	(263, 65, 'adminsitracao', 7, '2020-11-29 22:40:00', 'admin@admin.com', NULL, NULL),
	(264, NULL, 'adminsitracao', 5, '2020-11-29 22:41:00', 'admin@admin.com', NULL, NULL),
	(265, NULL, 'cliente_cli', 4, '2020-11-29 22:41:00', 'joao-pedro-f@hotmail.com', NULL, NULL),
	(266, 1, 'chamado', 12, '2020-11-29 22:49:00', 'joao-pedro-f@hotmail.com', 'paulo@gmail.com', 20),
	(267, 1, 'chamado', 12, '2020-11-29 23:00:00', 'joao-pedro-f@hotmail.com', 'paulo@gmail.com', 20),
	(268, 1, 'chamado', 13, '2020-11-29 23:00:00', 'joao-pedro-f@hotmail.com', 'paulo@gmail.com', 20),
	(269, 1, 'chamado', 11, '2020-11-29 23:01:00', 'joao-pedro-f@hotmail.com', 'paulo@gmail.com', 4),
	(270, 1, 'chamado', 11, '2020-11-29 23:01:00', 'joao-pedro-f@hotmail.com', 'paulo@gmail.com', 242),
	(271, 1, 'chamado', 11, '2020-11-29 23:06:00', 'joao-pedro-f@hotmail.com', 'paulo@gmail.com', 3),
	(272, 1, 'chamado', 11, '2020-11-29 23:07:00', 'joao-pedro-f@hotmail.com', 'paulo@gmail.com', 487),
	(273, 1, 'chamado', 11, '2020-11-29 23:08:00', 'joao-pedro-f@hotmail.com', 'paulo@gmail.com', 4),
	(274, 1, 'chamado', 11, '2020-11-29 23:08:00', 'joao-pedro-f@hotmail.com', 'paulo@gmail.com', 0),
	(275, 1, 'chamado', 11, '2020-11-29 23:12:00', 'joao-pedro-f@hotmail.com', 'paulo@gmail.com', 5),
	(276, 1, 'chamado', 11, '2020-11-29 23:12:00', 'joao-pedro-f@hotmail.com', 'paulo@gmail.com', 0),
	(277, 1, 'chamado', 11, '2020-11-29 23:19:00', 'joao-pedro-f@hotmail.com', 'paulo@gmail.com', 5),
	(278, 1, 'chamado', 11, '2020-11-29 23:22:00', 'joao-pedro-f@hotmail.com', 'paulo@gmail.com', 0),
	(279, 1, 'chamado', 11, '2020-11-29 23:22:00', 'joao-pedro-f@hotmail.com', 'paulo@gmail.com', 0),
	(280, 1, 'chamado', 11, '2020-11-29 23:22:00', 'joao-pedro-f@hotmail.com', 'paulo@gmail.com', 0),
	(281, 1, 'chamado', 11, '2020-11-29 23:23:00', 'joao-pedro-f@hotmail.com', 'paulo@gmail.com', 0),
	(282, 1, 'chamado', 11, '2020-11-29 23:24:00', 'joao-pedro-f@hotmail.com', 'paulo@gmail.com', 0),
	(283, 1, 'chamado', 11, '2020-11-29 23:24:00', 'joao-pedro-f@hotmail.com', 'paulo@gmail.com', 5),
	(284, 1, 'chamado', 11, '2020-11-29 23:24:00', 'joao-pedro-f@hotmail.com', 'paulo@gmail.com', 0),
	(285, 1, 'chamado', 11, '2020-11-29 23:25:00', 'joao-pedro-f@hotmail.com', 'paulo@gmail.com', 0),
	(286, 1, 'chamado', 11, '2020-11-29 23:30:00', 'joao-pedro-f@hotmail.com', 'paulo@gmail.com', 5),
	(287, 1, 'chamado', 11, '2020-11-29 23:30:00', 'joao-pedro-f@hotmail.com', 'paulo@gmail.com', 0),
	(288, NULL, 'cliente_cli', 4, '2020-11-29 23:45:00', 'joao-pedro-f@hotmail.com', NULL, NULL),
	(289, 1, 'chamado', 11, '2020-11-29 23:45:00', 'joao-pedro-f@hotmail.com', 'paulo@gmail.com', 0),
	(290, NULL, 'cliente_cli', 4, '2020-11-30 13:58:00', 'joao-pedro-f@hotmail.com', NULL, NULL),
	(291, 1, 'chamado', 11, '2020-11-30 14:01:00', 'joao-pedro-f@hotmail.com', 'paulo@gmail.com', 0),
	(292, 1, 'chamado', 11, '2020-11-30 14:05:00', 'joao-pedro-f@hotmail.com', 'paulo@gmail.com', 4),
	(293, 1, 'chamado', 11, '2020-11-30 14:05:00', 'joao-pedro-f@hotmail.com', 'paulo@gmail.com', 2),
	(294, 1, 'chamado', 12, '2020-11-30 14:34:00', 'joao-pedro-f@hotmail.com', 'paulo@gmail.com', 20),
	(295, 1, 'chamado', 13, '2020-11-30 14:34:00', 'joao-pedro-f@hotmail.com', 'paulo@gmail.com', 20),
	(296, 1, 'chamado', 12, '2020-11-30 14:35:00', 'josef@hotmail.com', 'paulo@gmail.com', 30),
	(297, 1, 'chamado', 13, '2020-11-30 14:35:00', 'joao-pedro-f@hotmail.com', 'paulo@gmail.com', 0),
	(298, NULL, 'chamado', 6, '2020-11-30 14:47:00', 'joao-pedro-f@hotmail.com', 'paulo@gmail.com', NULL),
	(299, NULL, 'chamado', 1, '2020-11-30 14:47:00', 'joao-pedro-f@hotmail.com', NULL, NULL),
	(300, NULL, 'cliente_cli', 5, '2020-11-30 14:48:00', 'joao-pedro-f@hotmail.com', NULL, NULL),
	(301, NULL, 'cliente_cli', 4, '2020-11-30 14:48:00', 'rogerio@yahoo.com', NULL, NULL),
	(302, NULL, 'cliente_cli', 5, '2020-11-30 14:48:00', 'rogerio@yahoo.com', NULL, NULL),
	(303, NULL, 'cliente_cli', 4, '2020-11-30 14:48:00', 'joao-pedro-f@hotmail.com', NULL, NULL),
	(304, NULL, 'chamado', 6, '2020-11-30 14:49:00', 'joao-pedro-f@hotmail.com', 'runapablo@gmail.com', NULL),
	(305, 7, 'chamado', 14, '2020-11-30 14:49:00', 'joao-pedro-f@hotmail.com', NULL, NULL),
	(306, NULL, 'cliente_cli', 5, '2020-11-30 14:55:00', 'joao-pedro-f@hotmail.com', NULL, NULL),
	(307, NULL, 'adminsitracao', 4, '2020-11-30 14:55:00', 'admin@admin.com', NULL, NULL),
	(308, NULL, 'adminsitracao', 5, '2020-11-30 14:55:00', 'admin@admin.com', NULL, NULL),
	(309, NULL, 'cliente_cli', 4, '2020-11-30 14:55:00', 'joao-pedro-f@hotmail.com', NULL, NULL),
	(310, NULL, 'tecnico', 4, '2020-11-30 15:27:00', 'paulo@gmail.com', NULL, NULL),
	(311, NULL, 'cliente_cli', 5, '2020-11-30 15:56:00', 'joao-pedro-f@hotmail.com', NULL, NULL),
	(312, NULL, 'cliente_cli', 4, '2020-11-30 15:56:00', 'joao-pedro-f@hotmail.com', NULL, NULL),
	(313, NULL, 'cliente_cli', 5, '2020-11-30 15:59:00', 'joao-pedro-f@hotmail.com', NULL, NULL),
	(314, NULL, 'cliente_cli', 4, '2020-11-30 15:59:00', 'joao-pedro-f@hotmail.com', NULL, NULL),
	(315, NULL, 'cliente_cli', 5, '2020-11-30 16:55:00', 'joao-pedro-f@hotmail.com', NULL, NULL),
	(316, NULL, 'adminsitracao', 4, '2020-11-30 16:55:00', 'admin@admin.com', NULL, NULL),
	(317, NULL, 'adminsitracao', 5, '2020-11-30 17:02:00', 'admin@admin.com', NULL, NULL),
	(318, NULL, 'adminsitracao', 4, '2020-11-30 17:02:00', 'admin@admin.com', NULL, NULL),
	(319, NULL, 'adminsitracao', 5, '2020-11-30 17:03:00', 'admin@admin.com', NULL, NULL),
	(320, NULL, 'adminsitracao', 5, '2020-11-30 17:12:00', 'admin@admin.com', NULL, NULL),
	(321, NULL, 'cliente_cli', 4, '2020-11-30 17:17:00', 'joao-pedro-f@hotmail.com', NULL, NULL),
	(322, NULL, 'cliente_cli', 5, '2020-11-30 17:18:00', 'joao-pedro-f@hotmail.com', NULL, NULL),
	(323, NULL, 'cliente_cli', 4, '2020-12-01 19:32:00', 'joao-pedro-f@hotmail.com', NULL, NULL),
	(324, NULL, 'cliente_cli', 5, '2020-12-01 20:35:00', 'joao-pedro-f@hotmail.com', NULL, NULL),
	(325, NULL, 'cliente_cli', 4, '2020-12-01 20:35:00', 'joao-pedro-f@hotmail.com', NULL, NULL),
	(326, NULL, 'cliente_cli', 4, '2020-12-02 19:22:00', 'joao-pedro-f@hotmail.com', NULL, NULL),
	(327, NULL, 'cliente_cli', 4, '2020-12-02 19:42:00', 'joao-pedro-f@hotmail.com', NULL, NULL),
	(328, NULL, 'cliente_cli', 5, '2020-12-02 20:02:00', 'joao-pedro-f@hotmail.com', NULL, NULL),
	(329, NULL, 'cliente_cli', 4, '2020-12-03 18:59:00', 'joao-pedro-f@hotmail.com', NULL, NULL),
	(330, NULL, 'cliente_cli', 5, '2020-12-03 19:27:00', 'joao-pedro-f@hotmail.com', NULL, NULL),
	(331, NULL, 'tecnico', 4, '2020-12-03 19:28:00', 'paulo@gmail.com', NULL, NULL),
	(332, 1, 'tecnico', 7, '2020-12-03 19:28:00', 'paulo@gmail.com', NULL, NULL),
	(333, 1, 'tecnico', 7, '2020-12-03 19:29:00', 'paulo@gmail.com', NULL, NULL),
	(334, 1, 'tecnico', 7, '2020-12-03 19:29:00', 'paulo@gmail.com', NULL, NULL),
	(335, NULL, 'tecnico', 5, '2020-12-03 20:04:00', 'paulo@gmail.com', NULL, NULL),
	(336, NULL, 'cliente_cli', 4, '2020-12-03 20:04:00', 'joao-pedro-f@hotmail.com', NULL, NULL),
	(337, NULL, 'cliente_cli', 5, '2020-12-03 20:17:00', 'joao-pedro-f@hotmail.com', NULL, NULL),
	(338, NULL, 'cliente_cli', 4, '2020-12-03 20:34:00', 'joao-pedro-f@hotmail.com', NULL, NULL),
	(339, 1, 'cliente_cli', 7, '2020-12-03 20:37:00', 'joao-pedro-f@hotmail.com', NULL, NULL),
	(340, 1, 'cliente_cli', 7, '2020-12-03 20:37:00', 'joao-pedro-f@hotmail.com', NULL, NULL),
	(341, NULL, 'cliente_cli', 5, '2020-12-03 20:42:00', 'joao-pedro-f@hotmail.com', NULL, NULL),
	(342, NULL, 'cliente_cli', 4, '2020-12-03 20:43:00', 'joao-pedro-f@hotmail.com', NULL, NULL),
	(343, NULL, 'cliente_cli', 4, '2020-12-03 23:01:00', 'joao-pedro-f@hotmail.com', NULL, NULL),
	(344, NULL, 'cliente_cli', 5, '2020-12-03 23:03:00', 'joao-pedro-f@hotmail.com', NULL, NULL),
	(345, NULL, 'tecnico', 4, '2020-12-03 23:03:00', 'paulo@gmail.com', NULL, NULL),
	(346, NULL, 'tecnico', 5, '2020-12-03 23:03:00', 'paulo@gmail.com', NULL, NULL),
	(347, NULL, 'cliente_cli', 4, '2020-12-03 23:04:00', 'joao-pedro-f@hotmail.com', NULL, NULL),
	(348, NULL, 'cliente_cli', 4, '2020-12-03 23:52:00', 'joao-pedro-f@hotmail.com', NULL, NULL),
	(349, NULL, 'cliente_cli', 5, '2020-12-03 23:54:00', 'joao-pedro-f@hotmail.com', NULL, NULL),
	(350, NULL, 'tecnico', 4, '2020-12-03 23:54:00', 'paulo@gmail.com', NULL, NULL),
	(351, NULL, 'tecnico', 5, '2020-12-03 23:54:00', 'paulo@gmail.com', NULL, NULL),
	(352, NULL, 'cliente_cli', 4, '2020-12-03 23:54:00', 'joao-pedro-f@hotmail.com', NULL, NULL),
	(353, NULL, 'cliente_cli', 5, '2020-12-03 23:56:00', 'joao-pedro-f@hotmail.com', NULL, NULL),
	(354, NULL, 'tecnico', 4, '2020-12-03 23:56:00', 'paulo@gmail.com', NULL, NULL),
	(355, NULL, 'tecnico', 5, '2020-12-03 23:57:00', 'paulo@gmail.com', NULL, NULL),
	(356, NULL, 'cliente_cli', 4, '2020-12-03 23:57:00', 'joao-pedro-f@hotmail.com', NULL, NULL),
	(357, NULL, 'cliente_cli', 5, '2020-12-04 00:00:00', 'joao-pedro-f@hotmail.com', NULL, NULL),
	(358, NULL, 'tecnico', 4, '2020-12-04 00:00:00', 'paulo@gmail.com', NULL, NULL),
	(359, NULL, 'tecnico', 5, '2020-12-04 00:02:00', 'paulo@gmail.com', NULL, NULL),
	(360, NULL, 'tecnico', 4, '2020-12-04 00:02:00', 'paulo@gmail.com', NULL, NULL),
	(361, NULL, 'tecnico', 5, '2020-12-04 00:03:00', 'paulo@gmail.com', NULL, NULL),
	(362, NULL, 'tecnico', 4, '2020-12-04 00:03:00', 'paulo@gmail.com', NULL, NULL),
	(363, NULL, 'tecnico', 5, '2020-12-04 00:03:00', 'paulo@gmail.com', NULL, NULL),
	(364, NULL, 'cliente_cli', 4, '2020-12-04 00:03:00', 'joao-pedro-f@hotmail.com', NULL, NULL),
	(365, NULL, 'cliente_cli', 5, '2020-12-04 00:04:00', 'joao-pedro-f@hotmail.com', NULL, NULL),
	(366, NULL, 'tecnico', 4, '2020-12-04 00:04:00', 'paulo@gmail.com', NULL, NULL),
	(367, NULL, 'tecnico', 5, '2020-12-04 00:04:00', 'paulo@gmail.com', NULL, NULL),
	(368, NULL, 'cliente_cli', 4, '2020-12-04 00:04:00', 'joao-pedro-f@hotmail.com', NULL, NULL),
	(369, 1, 'cliente_cli', 7, '2020-12-04 00:04:00', 'joao-pedro-f@hotmail.com', NULL, NULL),
	(370, NULL, 'cliente_cli', 5, '2020-12-04 00:04:00', 'joao-pedro-f@hotmail.com', NULL, NULL),
	(371, NULL, 'tecnico', 4, '2020-12-04 00:05:00', 'paulo@gmail.com', NULL, NULL),
	(372, NULL, 'tecnico', 5, '2020-12-04 00:05:00', 'paulo@gmail.com', NULL, NULL),
	(373, NULL, 'cliente_cli', 4, '2020-12-04 00:05:00', 'joao-pedro-f@hotmail.com', NULL, NULL),
	(374, 1, 'chamado', 7, '2020-12-04 00:08:00', 'joao-pedro-f@hotmail.com', NULL, NULL),
	(375, 1, 'chamado', 11, '2020-12-04 00:08:00', 'joao-pedro-f@hotmail.com', 'paulo@gmail.com', 4),
	(376, NULL, 'cliente_cli', 5, '2020-12-04 00:09:00', 'joao-pedro-f@hotmail.com', NULL, NULL),
	(377, NULL, 'cliente_cli', 4, '2020-12-04 00:09:00', 'joao-pedro-f@hotmail.com', NULL, NULL),
	(378, NULL, 'cliente_cli', 5, '2020-12-04 00:12:00', 'joao-pedro-f@hotmail.com', NULL, NULL),
	(379, NULL, 'tecnico', 4, '2020-12-04 00:12:00', 'paulo@gmail.com', NULL, NULL),
	(380, NULL, 'tecnico', 5, '2020-12-04 00:22:00', 'paulo@gmail.com', NULL, NULL),
	(381, NULL, 'cliente_cli', 4, '2020-12-04 00:22:00', 'joao-pedro-f@hotmail.com', NULL, NULL),
	(382, NULL, 'cliente_cli', 5, '2020-12-04 00:22:00', 'joao-pedro-f@hotmail.com', NULL, NULL),
	(383, NULL, 'tecnico', 4, '2020-12-04 00:23:00', 'paulo@gmail.com', NULL, NULL),
	(384, NULL, 'cliente_cli', 4, '2020-12-04 14:28:00', 'joao-pedro-f@hotmail.com', NULL, NULL),
	(385, NULL, 'tecnico', 4, '2020-12-04 14:29:00', 'paulo@gmail.com', NULL, NULL),
	(386, NULL, 'tecnico', 4, '2020-12-04 14:52:00', 'paulo@gmail.com', NULL, NULL),
	(387, 1, 'chamado', 9, '2020-12-04 15:02:00', 'paulo@gmail.com', NULL, 0),
	(388, 1, 'chamado', 10, '2020-12-04 15:04:00', 'paulo@gmail.com', NULL, 0),
	(389, 1, 'chamado', 11, '2020-12-04 15:09:00', 'joao-pedro-f@hotmail.com', 'paulo@gmail.com', 4),
	(390, 1, 'chamado', 12, '2020-12-04 15:11:00', 'joao-pedro-f@hotmail.com', 'paulo@gmail.com', 20),
	(391, 1, 'chamado', 13, '2020-12-04 15:11:00', 'joao-pedro-f@hotmail.com', 'paulo@gmail.com', 0),
	(392, 1, 'chamado', 12, '2020-12-04 15:11:00', 'joao-pedro-f@hotmail.com', 'paulo@gmail.com', 20),
	(393, 1, 'chamado', 13, '2020-12-04 15:11:00', 'joao-pedro-f@hotmail.com', 'paulo@gmail.com', 0),
	(394, 1, 'chamado', 9, '2020-12-04 15:25:00', 'paulo@gmail.com', NULL, 0),
	(395, 1, 'chamado', 10, '2020-12-04 15:25:00', 'paulo@gmail.com', NULL, 0),
	(396, 1, 'chamado', 11, '2020-12-04 15:25:00', 'joao-pedro-f@hotmail.com', 'paulo@gmail.com', 5),
	(397, 1, 'chamado', 12, '2020-12-04 15:25:00', 'joao-pedro-f@hotmail.com', 'paulo@gmail.com', 50),
	(398, 1, 'chamado', 13, '2020-12-04 15:25:00', 'joao-pedro-f@hotmail.com', 'paulo@gmail.com', 0),
	(399, 1, 'cliente_cli', 7, '2020-12-04 15:27:00', 'joao-pedro-f@hotmail.com', NULL, NULL),
	(400, NULL, 'cliente_cli', 5, '2020-12-04 15:41:00', 'joao-pedro-f@hotmail.com', NULL, NULL),
	(401, NULL, 'cliente_cli', 4, '2020-12-04 15:41:00', 'joao-pedro-f@hotmail.com', NULL, NULL),
	(402, NULL, 'cliente_cli', 4, '2020-12-04 15:42:00', 'joao-pedro-f@hotmail.com', NULL, NULL),
	(403, NULL, 'cliente_cli', 4, '2020-12-04 15:43:00', 'joao-pedro-f@hotmail.com', NULL, NULL),
	(404, NULL, 'cliente_cli', 4, '2020-12-04 15:44:00', 'joao-pedro-f@hotmail.com', NULL, NULL),
	(405, NULL, 'cliente_cli', 4, '2020-12-04 15:44:00', 'joao-pedro-f@hotmail.com', NULL, NULL),
	(406, NULL, 'cliente_cli', 4, '2020-12-04 15:45:00', 'joao-pedro-f@hotmail.com', NULL, NULL),
	(407, NULL, 'cliente_cli', 4, '2020-12-04 15:46:00', 'joao-pedro-f@hotmail.com', NULL, NULL),
	(408, NULL, 'cliente_cli', 4, '2020-12-04 15:47:00', 'joao-pedro-f@hotmail.com', NULL, NULL),
	(409, NULL, 'cliente_cli', 4, '2020-12-04 15:47:00', 'joao-pedro-f@hotmail.com', NULL, NULL),
	(410, NULL, 'cliente_cli', 4, '2020-12-04 15:48:00', 'joao-pedro-f@hotmail.com', NULL, NULL),
	(411, NULL, 'cliente_cli', 4, '2020-12-04 15:48:00', 'joao-pedro-f@hotmail.com', NULL, NULL),
	(412, NULL, 'cliente_cli', 4, '2020-12-04 15:48:00', 'joao-pedro-f@hotmail.com', NULL, NULL),
	(413, NULL, 'cliente_cli', 4, '2020-12-04 15:48:00', 'joao-pedro-f@hotmail.com', NULL, NULL),
	(414, NULL, 'cliente_cli', 4, '2020-12-04 15:49:00', 'joao-pedro-f@hotmail.com', NULL, NULL),
	(415, NULL, 'cliente_cli', 4, '2020-12-04 15:49:00', 'joao-pedro-f@hotmail.com', NULL, NULL),
	(416, NULL, 'cliente_cli', 4, '2020-12-04 15:49:00', 'joao-pedro-f@hotmail.com', NULL, NULL),
	(417, NULL, 'cliente_cli', 4, '2020-12-04 15:49:00', 'joao-pedro-f@hotmail.com', NULL, NULL),
	(418, NULL, 'cliente_cli', 4, '2020-12-04 15:50:00', 'joao-pedro-f@hotmail.com', NULL, NULL),
	(419, NULL, 'cliente_cli', 4, '2020-12-04 15:50:00', 'joao-pedro-f@hotmail.com', NULL, NULL),
	(420, NULL, 'cliente_cli', 4, '2020-12-04 15:50:00', 'joao-pedro-f@hotmail.com', NULL, NULL),
	(421, NULL, 'cliente_cli', 4, '2020-12-04 15:51:00', 'joao-pedro-f@hotmail.com', NULL, NULL),
	(422, NULL, 'cliente_cli', 4, '2020-12-04 15:51:00', 'joao-pedro-f@hotmail.com', NULL, NULL),
	(423, NULL, 'cliente_cli', 4, '2020-12-04 15:53:00', 'joao-pedro-f@hotmail.com', NULL, NULL),
	(424, NULL, 'cliente_cli', 4, '2020-12-04 15:53:00', 'joao-pedro-f@hotmail.com', NULL, NULL),
	(425, NULL, 'cliente_cli', 4, '2020-12-04 15:54:00', 'joao-pedro-f@hotmail.com', NULL, NULL),
	(426, NULL, 'cliente_cli', 4, '2020-12-06 22:48:00', 'joao-pedro-f@hotmail.com', NULL, NULL),
	(427, NULL, 'cliente_cli', 5, '2020-12-06 22:49:00', 'joao-pedro-f@hotmail.com', NULL, NULL),
	(428, NULL, 'cliente_cli', 4, '2020-12-07 17:23:00', 'joao-pedro-f@hotmail.com', NULL, NULL),
	(429, NULL, 'cliente_cli', 5, '2020-12-07 17:29:00', 'joao-pedro-f@hotmail.com', NULL, NULL),
	(430, NULL, 'adminsitracao', 4, '2020-12-07 17:29:00', 'admin@admin.com', NULL, NULL),
	(431, 1, 'tecnico', 15, '2020-12-07 17:30:00', 'admin@admin.com', NULL, NULL),
	(432, NULL, 'adminsitracao', 5, '2020-12-07 17:30:00', 'admin@admin.com', NULL, NULL),
	(433, NULL, 'adminsitracao', 4, '2020-12-07 17:30:00', 'admin@admin.com', NULL, NULL),
	(434, 1, 'tecnico', 16, '2020-12-07 17:30:00', 'admin@admin.com', NULL, NULL),
	(435, NULL, 'adminsitracao', 5, '2020-12-07 17:30:00', 'admin@admin.com', NULL, NULL),
	(436, NULL, 'tecnico', 4, '2020-12-07 17:31:00', 'paulo@gmail.com', NULL, NULL),
	(437, NULL, 'tecnico', 5, '2020-12-07 17:31:00', 'paulo@gmail.com', NULL, NULL),
	(438, NULL, 'adminsitracao', 4, '2020-12-07 17:31:00', 'admin@admin.com', NULL, NULL),
	(439, 1, 'tecnico', 15, '2020-12-07 17:31:00', 'admin@admin.com', NULL, NULL),
	(440, NULL, 'adminsitracao', 5, '2020-12-07 17:31:00', 'admin@admin.com', NULL, NULL),
	(441, NULL, 'cliente_cli', 4, '2020-12-07 17:32:00', 'joao-pedro-f@hotmail.com', NULL, NULL),
	(442, NULL, 'cliente_cli', 5, '2020-12-07 17:34:00', 'joao-pedro-f@hotmail.com', NULL, NULL),
	(443, NULL, 'adminsitracao', 4, '2020-12-07 17:35:00', 'admin@admin.com', NULL, NULL),
	(444, NULL, 'adminsitracao', 5, '2020-12-07 17:35:00', 'admin@admin.com', NULL, NULL),
	(445, NULL, 'cliente_cli', 4, '2020-12-07 17:48:00', 'joao-pedro-f@hotmail.com', NULL, NULL),
	(446, NULL, 'cliente_cli', 5, '2020-12-07 17:49:00', 'joao-pedro-f@hotmail.com', NULL, NULL),
	(447, NULL, 'adminsitracao', 4, '2020-12-07 17:49:00', 'admin@admin.com', NULL, NULL),
	(448, 1, 'tecnico', 16, '2020-12-07 17:49:00', 'admin@admin.com', NULL, NULL),
	(449, NULL, 'adminsitracao', 5, '2020-12-07 17:49:00', 'admin@admin.com', NULL, NULL),
	(450, NULL, 'cliente_cli', 4, '2020-12-07 17:49:00', 'joao-pedro-f@hotmail.com', NULL, NULL),
	(451, NULL, 'tecnico', 4, '2020-12-07 17:49:00', 'paulo@gmail.com', NULL, NULL),
	(452, NULL, 'chamado', 6, '2020-12-07 17:50:00', 'joao-pedro-f@hotmail.com', 'paulo@gmail.com', NULL),
	(453, 1, 'chamado', 10, '2020-12-07 17:51:00', 'paulo@gmail.com', NULL, 0),
	(454, 1, 'chamado', 11, '2020-12-07 17:51:00', 'joao-pedro-f@hotmail.com', 'paulo@gmail.com', 3),
	(455, 1, 'chamado', 12, '2020-12-07 17:51:00', 'joao-pedro-f@hotmail.com', 'paulo@gmail.com', 5),
	(456, 1, 'chamado', 13, '2020-12-07 17:51:00', 'joao-pedro-f@hotmail.com', 'paulo@gmail.com', 0),
	(457, 8, 'chamado', 9, '2020-12-07 17:51:00', 'paulo@gmail.com', NULL, 0),
	(458, 8, 'chamado', 10, '2020-12-07 17:51:00', 'paulo@gmail.com', NULL, 0),
	(459, 8, 'chamado', 11, '2020-12-07 17:52:00', 'joao-pedro-f@hotmail.com', 'paulo@gmail.com', 3),
	(460, 8, 'chamado', 12, '2020-12-07 17:52:00', 'joao-pedro-f@hotmail.com', 'paulo@gmail.com', 5),
	(461, 8, 'chamado', 13, '2020-12-07 17:52:00', 'joao-pedro-f@hotmail.com', 'paulo@gmail.com', 0),
	(462, NULL, 'cliente_cli', 5, '2020-12-07 17:53:00', 'joao-pedro-f@hotmail.com', NULL, NULL),
	(463, NULL, 'tecnico', 5, '2020-12-07 17:53:00', 'paulo@gmail.com', NULL, NULL),
	(464, NULL, 'adminsitracao', 4, '2020-12-07 17:53:00', 'admin@admin.com', NULL, NULL),
	(465, NULL, 'adminsitracao', 5, '2020-12-07 17:53:00', 'admin@admin.com', NULL, NULL),
	(466, NULL, 'adminsitracao', 4, '2020-12-07 17:54:00', 'admin@admin.com', NULL, NULL),
	(467, 8, 'chamado', 10, '2020-12-07 17:52:00', 'joao-pedro-f@hotmail.com', 'paulo@gmail.com', 0),
	(468, NULL, 'adminsitracao', 5, '2020-12-07 17:57:00', 'admin@admin.com', NULL, NULL),
	(469, NULL, 'adminsitracao', 4, '2020-12-07 17:57:00', 'admin@admin.com', NULL, NULL),
	(470, 1, 'tecnico', 15, '2020-12-07 17:57:00', 'admin@admin.com', NULL, NULL),
	(471, NULL, 'adminsitracao', 5, '2020-12-07 17:57:00', 'admin@admin.com', NULL, NULL),
	(472, NULL, 'adminsitracao', 4, '2020-12-07 17:58:00', 'admin@admin.com', NULL, NULL),
	(473, NULL, 'adminsitracao', 5, '2020-12-07 17:58:00', 'admin@admin.com', NULL, NULL),
	(474, NULL, 'cliente_cli', 4, '2020-12-07 17:58:00', 'joao-pedro-f@hotmail.com', NULL, NULL),
	(475, NULL, 'cliente_cli', 5, '2020-12-07 18:02:00', 'joao-pedro-f@hotmail.com', NULL, NULL),
	(476, NULL, 'adminsitracao', 5, '2020-12-07 18:08:00', 'joao-pedro-f@hotmail.com', NULL, NULL),
	(477, NULL, 'adminsitracao', 5, '2020-12-07 18:08:00', 'joao-pedro-f@hotmail.com', NULL, NULL),
	(478, NULL, 'cliente_cli', 4, '2020-12-07 18:08:00', 'joao-pedro-f@hotmail.com', NULL, NULL),
	(479, NULL, 'cliente_cli', 4, '2020-12-07 18:08:00', 'joao-pedro-f@hotmail.com', NULL, NULL),
	(480, NULL, 'cliente_cli', 5, '2020-12-07 18:08:00', 'joao-pedro-f@hotmail.com', NULL, NULL),
	(481, NULL, 'adminsitracao', 4, '2020-12-07 18:41:00', 'admin@admin.com', NULL, NULL),
	(482, NULL, 'adminsitracao', 5, '2020-12-07 18:41:00', 'admin@admin.com', NULL, NULL),
	(483, NULL, 'cliente_cli', 4, '2020-12-07 18:42:00', 'joao-pedro-f@hotmail.com', NULL, NULL),
	(484, NULL, 'cliente_cli', 5, '2020-12-07 18:53:00', 'joao-pedro-f@hotmail.com', NULL, NULL),
	(485, NULL, 'adminsitracao', 5, '2020-12-07 19:20:00', 'joao-pedro-f@hotmail.com', NULL, NULL),
	(486, NULL, 'adminsitracao', 4, '2020-12-07 19:23:00', 'admin@admin.com', NULL, NULL),
	(487, 1, 'tecnico', 16, '2020-12-07 19:24:00', 'admin@admin.com', NULL, NULL),
	(488, 1, 'tecnico', 15, '2020-12-07 19:24:00', 'admin@admin.com', NULL, NULL),
	(489, 1, 'tecnico', 16, '2020-12-07 19:25:00', 'admin@admin.com', NULL, NULL),
	(490, 1, 'tecnico', 15, '2020-12-07 19:25:00', 'admin@admin.com', NULL, NULL),
	(491, NULL, 'adminsitracao', 5, '2020-12-07 19:28:00', 'admin@admin.com', NULL, NULL),
	(492, NULL, 'cliente_cli', 4, '2020-12-07 19:28:00', 'joao-pedro-f@hotmail.com', NULL, NULL),
	(493, 1, 'cliente_cli', 7, '2020-12-07 19:28:00', 'joao-pedro-f@hotmail.com', NULL, NULL),
	(494, 1, 'cliente_cli', 7, '2020-12-07 19:28:00', 'joao-pedro-f@hotmail.com', NULL, NULL),
	(495, NULL, 'cliente_cli', 5, '2020-12-07 19:28:00', 'joao-pedro-f@hotmail.com', NULL, NULL),
	(496, NULL, 'cliente_cli', 6, '2020-12-07 19:53:00', 'josedasilva@gmail.com', NULL, NULL),
	(497, NULL, 'adminsitracao', 4, '2020-12-07 19:53:00', 'admin@admin.com', NULL, NULL),
	(498, 1, 'tecnico', 16, '2020-12-07 19:53:00', 'admin@admin.com', NULL, NULL),
	(499, NULL, 'tecnico', 4, '2020-12-07 19:54:00', 'paulo@gmail.com', NULL, NULL),
	(500, NULL, 'tecnico', 5, '2020-12-07 19:54:00', 'paulo@gmail.com', NULL, NULL),
	(501, NULL, 'adminsitracao', 5, '2020-12-07 19:54:00', 'admin@admin.com', NULL, NULL),
	(502, NULL, 'cliente_cli', 4, '2020-12-07 19:54:00', 'joao-pedro-f@hotmail.com', NULL, NULL),
	(503, 1, 'cliente_cli', 7, '2020-12-07 19:54:00', 'joao-pedro-f@hotmail.com', NULL, NULL),
	(504, NULL, 'chamado', 6, '2020-12-07 19:56:00', 'joao-pedro-f@hotmail.com', 'paulo@gmail.com', NULL),
	(505, NULL, 'tecnico', 4, '2020-12-07 19:58:00', 'paulo@gmail.com', NULL, NULL),
	(506, 9, 'chamado', 9, '2020-12-07 19:58:00', 'paulo@gmail.com', NULL, 0),
	(507, 9, 'chamado', 10, '2020-12-07 19:59:00', 'paulo@gmail.com', NULL, 0),
	(508, 9, 'chamado', 11, '2020-12-07 19:59:00', 'joao-pedro-f@hotmail.com', 'paulo@gmail.com', 5),
	(509, 9, 'chamado', 12, '2020-12-07 20:00:00', 'joao-pedro-f@hotmail.com', 'paulo@gmail.com', 20),
	(510, 9, 'chamado', 13, '2020-12-07 20:00:00', 'joao-pedro-f@hotmail.com', 'paulo@gmail.com', 0),
	(511, NULL, 'cliente_cli', 5, '2020-12-07 20:00:00', 'joao-pedro-f@hotmail.com', NULL, NULL),
	(512, NULL, 'adminsitracao', 4, '2020-12-07 20:00:00', 'admin@admin.com', NULL, NULL),
	(513, 6, 'tecnico', 15, '2020-12-07 20:01:00', 'admin@admin.com', NULL, NULL),
	(514, 1, 'tecnico', 15, '2020-12-07 20:02:00', 'admin@admin.com', NULL, NULL),
	(515, NULL, 'adminsitracao', 5, '2020-12-07 20:02:00', 'admin@admin.com', NULL, NULL),
	(516, NULL, 'cliente_cli', 4, '2020-12-07 20:02:00', 'joao-pedro-f@hotmail.com', NULL, NULL),
	(517, NULL, 'adminsitracao', 4, '2020-12-08 16:49:00', 'admin@admin.com', NULL, NULL),
	(518, NULL, 'adminsitracao', 5, '2020-12-08 16:49:00', 'admin@admin.com', NULL, NULL),
	(519, NULL, 'cliente_cli', 6, '2020-12-08 16:52:00', 'jorge_mateus@hotmail.com', NULL, NULL),
	(520, NULL, 'cliente_cli', 4, '2020-12-08 16:52:00', 'jorge_mateus@hotmail.com', NULL, NULL),
	(521, NULL, 'cliente_cli', 5, '2020-12-08 16:52:00', 'jorge_mateus@hotmail.com', NULL, NULL),
	(522, NULL, 'cliente_cli', 4, '2020-12-08 16:53:00', 'joao-pedro-f@hotmail.com', NULL, NULL),
	(523, 1, 'cliente_cli', 7, '2020-12-08 16:55:00', 'joao-pedro-f@hotmail.com', NULL, NULL),
	(524, NULL, 'chamado', 6, '2020-12-08 16:56:00', 'joao-pedro-f@hotmail.com', 'paulo@gmail.com', NULL),
	(525, NULL, 'cliente_cli', 5, '2020-12-08 16:58:00', 'joao-pedro-f@hotmail.com', NULL, NULL),
	(526, NULL, 'adminsitracao', 4, '2020-12-08 16:58:00', 'admin@admin.com', NULL, NULL),
	(527, 1, 'tecnico', 16, '2020-12-08 16:58:00', 'admin@admin.com', NULL, NULL),
	(528, NULL, 'adminsitracao', 5, '2020-12-08 16:58:00', 'admin@admin.com', NULL, NULL),
	(529, NULL, 'cliente_cli', 4, '2020-12-08 16:58:00', 'joao-pedro-f@hotmail.com', NULL, NULL),
	(530, NULL, 'tecnico', 4, '2020-12-08 16:58:00', 'paulo@gmail.com', NULL, NULL),
	(531, 10, 'chamado', 9, '2020-12-08 16:59:00', 'paulo@gmail.com', NULL, 0),
	(532, 10, 'chamado', 10, '2020-12-08 17:00:00', 'paulo@gmail.com', NULL, 0),
	(533, 10, 'chamado', 11, '2020-12-08 17:02:00', 'joao-pedro-f@hotmail.com', 'paulo@gmail.com', 5),
	(534, 10, 'chamado', 12, '2020-12-08 17:03:00', 'joao-pedro-f@hotmail.com', 'paulo@gmail.com', 20),
	(535, 10, 'chamado', 13, '2020-12-08 17:03:00', 'joao-pedro-f@hotmail.com', 'paulo@gmail.com', 0),
	(536, NULL, 'cliente_cli', 5, '2020-12-08 17:04:00', 'joao-pedro-f@hotmail.com', NULL, NULL),
	(537, NULL, 'tecnico', 5, '2020-12-08 17:05:00', 'paulo@gmail.com', NULL, NULL),
	(538, NULL, 'adminsitracao', 4, '2020-12-08 17:05:00', 'admin@admin.com', NULL, NULL),
	(539, 6, 'tecnico', 16, '2020-12-08 17:06:00', 'admin@admin.com', NULL, NULL),
	(540, NULL, 'adminsitracao', 5, '2020-12-08 17:07:00', 'admin@admin.com', NULL, NULL),
	(541, NULL, 'cliente_cli', 4, '2020-12-08 17:07:00', 'joao-pedro-f@hotmail.com', NULL, NULL),
	(542, NULL, 'tecnico', 4, '2020-12-08 17:07:00', 'paulo@gmail.com', NULL, NULL),
	(543, NULL, 'tecnico', 5, '2020-12-08 17:07:00', 'paulo@gmail.com', NULL, NULL),
	(544, NULL, 'cliente_cli', 5, '2020-12-08 17:08:00', 'joao-pedro-f@hotmail.com', NULL, NULL);
/*!40000 ALTER TABLE `logs` ENABLE KEYS */;

-- Copiando estrutura para tabela questti.movimentacao
CREATE TABLE IF NOT EXISTS `movimentacao` (
  `id` int(11) NOT NULL AUTO_INCREMENT,
  `NomeMov` text DEFAULT NULL,
  PRIMARY KEY (`id`)
) ENGINE=InnoDB AUTO_INCREMENT=17 DEFAULT CHARSET=utf8mb4;

-- Copiando dados para a tabela questti.movimentacao: ~12 rows (aproximadamente)
/*!40000 ALTER TABLE `movimentacao` DISABLE KEYS */;
INSERT INTO `movimentacao` (`id`, `NomeMov`) VALUES
	(1, 'exclusão'),
	(3, 'transferência'),
	(4, 'Login'),
	(5, 'Logoff'),
	(6, 'cadastro'),
	(7, 'alteração'),
	(8, 'muda status'),
	(9, 'Stscapturado'),
	(10, 'StsFimTec'),
	(11, 'Stsavaliado'),
	(12, 'Stspago'),
	(13, 'Stsfinalizado'),
	(14, 'Stscancelado'),
	(15, 'BloqueadoAcesso'),
	(16, 'LiberadoAcesso');
/*!40000 ALTER TABLE `movimentacao` ENABLE KEYS */;

-- Copiando estrutura para tabela questti.obschamado
CREATE TABLE IF NOT EXISTS `obschamado` (
  `id` int(10) unsigned NOT NULL AUTO_INCREMENT,
  `id_chamado` int(11) DEFAULT NULL,
  `data` datetime DEFAULT NULL,
  `obs` longtext DEFAULT NULL,
  `responsavel` text DEFAULT NULL,
  PRIMARY KEY (`id`),
  KEY `FK_obschamado_chamado` (`id_chamado`),
  CONSTRAINT `FK_obschamado_chamado` FOREIGN KEY (`id_chamado`) REFERENCES `chamado` (`id_chamado`)
) ENGINE=InnoDB AUTO_INCREMENT=10 DEFAULT CHARSET=utf8mb4;

-- Copiando dados para a tabela questti.obschamado: ~7 rows (aproximadamente)
/*!40000 ALTER TABLE `obschamado` DISABLE KEYS */;
INSERT INTO `obschamado` (`id`, `id_chamado`, `data`, `obs`, `responsavel`) VALUES
	(3, 4, '2020-11-29 13:49:17', 'new', 'runapablo@gmail.com'),
	(4, 1, '2020-11-30 16:00:47', 'teste    ', 'paulo@gmail.com'),
	(5, 1, '2020-11-30 16:02:25', 'teste de alteração', 'joao-pedro-f@hotmail.com'),
	(6, 9, '2020-12-07 19:59:05', 'hj  fui ate o cliente', 'paulo@gmail.com'),
	(7, 10, '2020-12-08 16:57:45', 'tes 2', 'joao-pedro-f@hotmail.com'),
	(8, 10, '2020-12-08 16:59:39', 'teste de edicao', 'paulo@gmail.com'),
	(9, 10, '2020-12-08 17:00:32', ' visita dia 08/12 as 16:00', 'paulo@gmail.com');
/*!40000 ALTER TABLE `obschamado` ENABLE KEYS */;

-- Copiando estrutura para tabela questti.tecnico
CREATE TABLE IF NOT EXISTS `tecnico` (
  `id_tec` int(11) NOT NULL AUTO_INCREMENT,
  `area_atuacao` int(11) DEFAULT NULL,
  `nome` longtext DEFAULT NULL,
  `cpf_tec` bigint(11) NOT NULL DEFAULT 0,
  `certificado` longtext DEFAULT NULL,
  `telefone` text DEFAULT NULL,
  `termo` int(11) DEFAULT NULL,
  `email` longtext DEFAULT NULL,
  `endereco` longtext DEFAULT NULL,
  `cep` text DEFAULT NULL,
  `celular` text DEFAULT NULL,
  `status` int(11) DEFAULT NULL,
  `senha` longtext DEFAULT NULL,
  `tipo_user` int(11) DEFAULT NULL,
  `avaliacao` int(11) DEFAULT NULL,
  `foto` text DEFAULT NULL,
  PRIMARY KEY (`id_tec`) USING BTREE,
  KEY `cpf_tec` (`cpf_tec`),
  KEY `area_atuacao` (`area_atuacao`),
  CONSTRAINT `FK_tecnico_areaatuacao` FOREIGN KEY (`area_atuacao`) REFERENCES `areaatuacao` (`id`)
) ENGINE=InnoDB AUTO_INCREMENT=7 DEFAULT CHARSET=utf8mb4;

-- Copiando dados para a tabela questti.tecnico: ~5 rows (aproximadamente)
/*!40000 ALTER TABLE `tecnico` DISABLE KEYS */;
INSERT INTO `tecnico` (`id_tec`, `area_atuacao`, `nome`, `cpf_tec`, `certificado`, `telefone`, `termo`, `email`, `endereco`, `cep`, `celular`, `status`, `senha`, `tipo_user`, `avaliacao`, `foto`) VALUES
	(1, 31, 'Paulo', 41854184848, '11fcebe63c99d32919579296bc869af2.png', '(55)2641-8418', 1, 'paulo@gmail.com', 'rua luz', '41515-645', '(15)84848-4848', 1, '8d969eef6ecad3c29a3a629280e686cf0c3f5d5a86aff3ca12020c923adc6c92', 2, 5, NULL),
	(2, 36, 'Ruan', 12541545454, NULL, '(95)5815-4158', 1, 'runapablo@gmail.com', 'rua roxa', '44874-884', '(15)48458-4854', 1, '8d969eef6ecad3c29a3a629280e686cf0c3f5d5a86aff3ca12020c923adc6c92', 2, 5, NULL),
	(3, 38, 'Rodrigo Alves', 12541545458, NULL, '(95)5815-4158', 1, 'rodrigo@gmail.com', 'rua roxa', '44874-884', '(15)48458-4854', 1, '8d969eef6ecad3c29a3a629280e686cf0c3f5d5a86aff3ca12020c923adc6c92', 2, 3, NULL),
	(4, 38, 'Marcos da Silva', 12541545458, NULL, '(95)5815-4158', 1, 'marcos@gmail.com', 'rua olinda', '44874-884', '(15)48458-4854', 1, '8d969eef6ecad3c29a3a629280e686cf0c3f5d5a86aff3ca12020c923adc6c92', 2, 3, NULL),
	(6, 35, 'Flávio Duarte', 11232564159, 'db6e1ee1dee761879c28a6d0870af361.png', '(95)5815-4158', 1, 'flavioduarte@gmail.com', 'rua rocha', '44874-884', '(48)48548-4454', 1, '8d969eef6ecad3c29a3a629280e686cf0c3f5d5a86aff3ca12020c923adc6c92', 2, NULL, NULL);
/*!40000 ALTER TABLE `tecnico` ENABLE KEYS */;

/*!40101 SET SQL_MODE=IFNULL(@OLD_SQL_MODE, '') */;
/*!40014 SET FOREIGN_KEY_CHECKS=IF(@OLD_FOREIGN_KEY_CHECKS IS NULL, 1, @OLD_FOREIGN_KEY_CHECKS) */;
/*!40101 SET CHARACTER_SET_CLIENT=@OLD_CHARACTER_SET_CLIENT */;
